epoch,time,train/box_loss,train/seg_loss,train/cls_loss,train/dfl_loss,train/sem_loss,metrics/precision(B),metrics/recall(B),metrics/mAP50(B),metrics/mAP50-95(B),metrics/precision(M),metrics/recall(M),metrics/mAP50(M),metrics/mAP50-95(M),val/box_loss,val/seg_loss,val/cls_loss,val/dfl_loss,val/sem_loss,lr/pg0,lr/pg1,lr/pg2
1,14.098,1.46472,4.01114,3.88742,1.64124,0,0.35644,0.06429,0.03286,0.01719,0.00088,0.04464,0.00043,9e-05,2.12179,51.9213,7.16616,2.78415,0,0.000324324,0.000324324,0.0678919
2,25.1815,1.40147,3.47889,2.74644,1.59438,0,0.64528,0.17143,0.12757,0.04691,0.00995,0.06607,0.00586,0.00236,1.99584,14.6658,4.61968,2.58017,0,0.000656355,0.000656355,0.0348906
3,36.238,1.44136,3.42175,2.6483,1.6166,0,0.09067,0.31875,0.09883,0.04722,0.15149,0.06071,0.01396,0.00248,2.34074,10.9061,3.86299,3.01828,0,0.000987067,0.000987067,0.00188797
4,47.2841,1.447,3.37199,2.56604,1.64266,0,0.67485,0.14286,0.20389,0.10528,0.15973,0.02679,0.00639,0.00167,2.16998,8.44027,3.6467,2.5332,0,0.00099406,0.00099406,0.00099406
5,58.5525,1.44014,3.38563,2.51514,1.61609,0,0.02641,0.16964,0.01937,0.00752,0.01907,0.12946,0.01568,0.00472,2.06542,4.97329,7.07982,2.40742,0,0.00099208,0.00099208,0.00099208
6,69.5314,1.37909,3.24329,2.44056,1.57042,0,0.20088,0.1366,0.19205,0.08319,0.20387,0.13571,0.18646,0.06508,1.70623,4.42672,4.05157,2.10512,0,0.0009901,0.0009901,0.0009901
7,80.6144,1.35989,3.20484,2.34942,1.56782,0,0.25967,0.39816,0.19107,0.10613,0.27403,0.35357,0.20411,0.10961,1.88255,3.84141,3.27614,2.3436,0,0.00098812,0.00098812,0.00098812
8,91.6312,1.34336,3.12312,2.3044,1.53371,0,0.31647,0.25529,0.15663,0.09021,0.28545,0.2456,0.13424,0.07726,1.75954,3.61191,3.15109,2.15469,0,0.00098614,0.00098614,0.00098614
9,102.538,1.3032,3.08384,2.1938,1.51053,0,0.21559,0.34402,0.2681,0.16911,0.18983,0.31723,0.24582,0.13681,1.6956,3.77557,2.90945,2.11254,0,0.00098416,0.00098416,0.00098416
10,113.645,1.30082,3.08569,2.21044,1.52639,0,0.1548,0.46351,0.26471,0.07738,0.14331,0.4278,0.24487,0.06233,1.76572,3.37487,3.00961,2.20672,0,0.00098218,0.00098218,0.00098218
11,124.69,1.255,3.06753,2.17425,1.49514,0,0.28006,0.22679,0.16307,0.07557,0.27092,0.22232,0.16015,0.06654,1.88088,3.60912,2.43599,2.36253,0,0.0009802,0.0009802,0.0009802
12,135.737,1.26841,2.99894,2.1677,1.48864,0,0.46389,0.28392,0.32335,0.14839,0.29898,0.30714,0.26713,0.11414,1.81063,3.51103,2.969,2.31147,0,0.00097822,0.00097822,0.00097822
13,146.623,1.2244,2.96897,2.08468,1.45176,0,0.36775,0.35893,0.41288,0.20505,0.35023,0.34107,0.39966,0.13792,1.80685,3.42422,2.66579,2.18714,0,0.00097624,0.00097624,0.00097624
14,157.621,1.25241,3.00255,2.07647,1.46423,0,0.58207,0.34464,0.42619,0.27062,0.58207,0.34464,0.40777,0.28415,1.86254,3.40523,2.84701,2.25952,0,0.00097426,0.00097426,0.00097426
15,168.555,1.25644,2.9878,2.0482,1.47098,0,0.52289,0.22768,0.29831,0.19005,0.49012,0.21429,0.27754,0.19334,1.61999,3.21492,2.85298,2.06106,0,0.00097228,0.00097228,0.00097228
16,179.481,1.22793,2.93225,2.01462,1.45289,0,0.71329,0.20714,0.31233,0.16608,0.7028,0.22395,0.24957,0.12138,1.56953,3.66502,2.46836,2.0338,0,0.0009703,0.0009703,0.0009703
17,190.375,1.22355,2.97506,2.03947,1.46104,0,0.35646,0.31429,0.35872,0.17917,0.326,0.2875,0.34436,0.18434,1.65205,3.33608,2.45459,2.13841,0,0.00096832,0.00096832,0.00096832
18,201.3,1.18097,2.87839,1.94812,1.44209,0,0.44888,0.36875,0.46452,0.23808,0.41248,0.30441,0.41806,0.23706,1.83224,3.34867,2.38719,2.25668,0,0.00096634,0.00096634,0.00096634
19,212.254,1.15948,2.75502,1.93268,1.43479,0,0.42372,0.34464,0.30838,0.15419,0.40952,0.3273,0.28096,0.14383,1.66681,3.16085,2.63754,2.1152,0,0.00096436,0.00096436,0.00096436
20,223.13,1.18375,2.87835,1.94803,1.4255,0,0.66651,0.25714,0.48636,0.30948,0.68575,0.24821,0.46602,0.31546,1.56774,2.97124,2.35944,2.05337,0,0.00096238,0.00096238,0.00096238
21,234.069,1.13264,2.77722,1.84948,1.38848,0,0.52669,0.36875,0.42095,0.26542,0.4441,0.32768,0.38114,0.15615,1.53105,3.71163,2.23066,2.07059,0,0.0009604,0.0009604,0.0009604
22,244.938,1.16399,2.82425,1.85932,1.41571,0,0.31024,0.62582,0.49797,0.33437,0.29097,0.59457,0.46596,0.32147,1.64618,3.05553,2.13315,2.0283,0,0.00095842,0.00095842,0.00095842
23,255.894,1.15204,2.79251,1.82065,1.40577,0,0.42906,0.43036,0.3732,0.25398,0.41016,0.40357,0.32947,0.2209,1.47789,3.30358,2.14561,1.91659,0,0.00095644,0.00095644,0.00095644
24,266.924,1.14788,2.80289,1.85092,1.40964,0,0.43056,0.48976,0.49328,0.31353,0.38975,0.46744,0.43441,0.27301,1.58743,3.49654,2.09502,2.07492,0,0.00095446,0.00095446,0.00095446
25,277.85,1.10111,2.68509,1.76874,1.36224,0,0.28644,0.60446,0.36612,0.24608,0.24971,0.54643,0.33306,0.23511,1.47487,3.05685,2.56814,1.95455,0,0.00095248,0.00095248,0.00095248
26,288.846,1.15214,2.74364,1.81235,1.39442,0,0.25996,0.52411,0.37998,0.22871,0.23709,0.49286,0.35072,0.21354,1.48883,3.11285,2.1865,2.00688,0,0.0009505,0.0009505,0.0009505
27,299.76,1.14993,2.7552,1.78494,1.38789,0,0.3378,0.59079,0.4372,0.30436,0.30412,0.56362,0.41988,0.28677,1.50229,2.94798,2.18834,2.00235,0,0.00094852,0.00094852,0.00094852
28,310.636,1.0945,2.61046,1.71682,1.36176,0,0.60143,0.46518,0.55435,0.33215,0.58661,0.44732,0.50927,0.35946,1.64693,3.1018,1.92001,2.14188,0,0.00094654,0.00094654,0.00094654
29,321.645,1.08214,2.64381,1.69837,1.35345,0,0.39747,0.43143,0.41955,0.28066,0.43514,0.34522,0.39883,0.25704,1.57017,2.93821,2.15577,2.07844,0,0.00094456,0.00094456,0.00094456
30,332.839,1.08597,2.64472,1.69017,1.35885,0,0.42379,0.46896,0.44725,0.33698,0.40052,0.36964,0.41971,0.3192,1.47466,3.00895,2.04625,1.91662,0,0.00094258,0.00094258,0.00094258
31,343.806,1.0612,2.57181,1.63342,1.34273,0,0.54535,0.49921,0.54746,0.39477,0.53959,0.48971,0.53895,0.37711,1.43847,2.89625,2.0179,1.88419,0,0.0009406,0.0009406,0.0009406
32,354.847,1.08007,2.53373,1.6208,1.35226,0,0.30024,0.67946,0.50417,0.34008,0.60115,0.29464,0.4819,0.34332,1.44713,2.89942,1.96519,1.92125,0,0.00093862,0.00093862,0.00093862
33,365.795,1.06687,2.64352,1.63697,1.34452,0,0.56173,0.35625,0.40379,0.26959,0.53871,0.31468,0.38129,0.26421,1.4344,3.03345,1.9522,1.91208,0,0.00093664,0.00093664,0.00093664
34,376.798,1.07855,2.68925,1.66157,1.35749,0,0.31689,0.6789,0.53298,0.3352,0.29593,0.65179,0.50887,0.3423,1.5211,2.93492,2.13731,1.97181,0,0.00093466,0.00093466,0.00093466
35,387.812,1.054,2.5416,1.61883,1.32518,0,0.53885,0.40121,0.55491,0.41222,0.51913,0.38518,0.53745,0.39819,1.56666,2.92624,1.84341,1.95993,0,0.00093268,0.00093268,0.00093268
36,398.947,1.05714,2.60853,1.60549,1.34574,0,0.54142,0.48929,0.54746,0.40244,0.49385,0.46696,0.51012,0.38294,1.48829,2.93945,1.87008,1.97869,0,0.0009307,0.0009307,0.0009307
37,409.941,1.05739,2.57876,1.60704,1.34444,0,0.40691,0.47584,0.41477,0.22501,0.37316,0.4434,0.37588,0.22352,1.56299,2.87676,1.93324,2.01208,0,0.00092872,0.00092872,0.00092872
38,420.978,1.04838,2.62111,1.5592,1.33028,0,0.58509,0.36607,0.43376,0.26245,0.55731,0.36607,0.41732,0.26735,1.59818,2.88266,2.0443,2.03802,0,0.00092674,0.00092674,0.00092674
39,431.925,1.018,2.44078,1.47283,1.30553,0,0.27384,0.69911,0.47963,0.28184,0.24541,0.6625,0.44414,0.28728,1.70393,3.5363,2.01943,2.15396,0,0.00092476,0.00092476,0.00092476
40,442.907,1.02787,2.44766,1.50327,1.31642,0,0.25472,0.67232,0.5207,0.37564,0.24776,0.62442,0.50942,0.34585,1.62303,3.08045,2.36354,2.02637,0,0.00092278,0.00092278,0.00092278
41,453.832,1.00604,2.4412,1.46128,1.29865,0,0.7806,0.3987,0.61379,0.45784,0.7517,0.40241,0.59378,0.42384,1.47797,2.81724,1.84232,1.94904,0,0.0009208,0.0009208,0.0009208
42,464.877,1.01061,2.43934,1.45967,1.28083,0,0.62133,0.52608,0.52555,0.40396,0.58667,0.51715,0.50051,0.39183,1.39126,2.63258,2.03462,1.82684,0,0.00091882,0.00091882,0.00091882
43,476.028,1.01154,2.49502,1.47565,1.29764,0,0.30167,0.63393,0.47431,0.31966,0.28877,0.61607,0.45504,0.34672,1.44691,2.72521,1.96159,1.87536,0,0.00091684,0.00091684,0.00091684
44,487.183,1.006,2.42038,1.46273,1.29198,0,0.51329,0.43812,0.49917,0.35477,0.518,0.36077,0.44968,0.33239,1.34816,2.87416,1.69381,1.78514,0,0.00091486,0.00091486,0.00091486
45,498.24,0.98777,2.42516,1.43015,1.27669,0,0.78098,0.33219,0.49975,0.36213,0.7517,0.32772,0.48966,0.3452,1.40144,2.70359,1.702,1.88521,0,0.00091288,0.00091288,0.00091288
46,509.17,0.97693,2.34317,1.39125,1.2645,0,0.78226,0.4111,0.52709,0.35241,0.73416,0.39805,0.51127,0.37485,1.39872,2.8121,1.84378,1.8313,0,0.0009109,0.0009109,0.0009109
47,520.044,0.99955,2.38569,1.43623,1.27027,0,0.49802,0.53661,0.54537,0.37721,0.48679,0.53214,0.52415,0.3913,1.49063,3.00905,2.08288,1.99815,0,0.00090892,0.00090892,0.00090892
48,530.981,0.98945,2.43319,1.41174,1.28519,0,0.71284,0.38714,0.59571,0.44269,0.69829,0.38243,0.56634,0.39799,1.54103,3.24618,1.90339,1.9849,0,0.00090694,0.00090694,0.00090694
49,541.878,0.99508,2.44299,1.42228,1.29032,0,0.80924,0.49623,0.63426,0.47887,0.80253,0.49043,0.61251,0.44617,1.42122,2.92911,1.69574,1.87949,0,0.00090496,0.00090496,0.00090496
50,552.854,1.016,2.48019,1.43195,1.30732,0,0.43307,0.64911,0.5847,0.43285,0.39771,0.63125,0.54432,0.41152,1.30548,2.77433,1.60752,1.73537,0,0.00090298,0.00090298,0.00090298
51,563.772,0.97991,2.42732,1.41268,1.26704,0,0.50374,0.48839,0.50307,0.34647,0.48006,0.43741,0.45746,0.31488,1.39751,2.78978,1.57819,1.79598,0,0.000901,0.000901,0.000901
52,574.649,0.95333,2.33269,1.34495,1.24068,0,0.44145,0.60634,0.58788,0.38544,0.43153,0.58848,0.55814,0.39379,1.42806,2.89812,1.69651,1.80522,0,0.00089902,0.00089902,0.00089902
53,585.539,0.96139,2.3732,1.39567,1.25777,0,0.65914,0.45154,0.61179,0.45377,0.6921,0.39473,0.58588,0.42493,1.42831,2.87643,1.60574,1.86294,0,0.00089704,0.00089704,0.00089704
54,596.394,0.94554,2.32025,1.35328,1.25208,0,0.636,0.52232,0.63864,0.47502,0.62566,0.51807,0.62368,0.46088,1.39907,2.64648,1.59748,1.82525,0,0.00089506,0.00089506,0.00089506
55,607.388,0.98703,2.42899,1.39537,1.27478,0,0.42511,0.65625,0.62753,0.44886,0.4041,0.65625,0.6104,0.47099,1.37965,2.98991,1.49799,1.86095,0,0.00089308,0.00089308,0.00089308
56,618.297,0.96211,2.37477,1.36906,1.25381,0,0.33166,0.63214,0.58104,0.38572,0.32393,0.60982,0.5424,0.37537,1.39436,2.73653,1.7739,1.93422,0,0.0008911,0.0008911,0.0008911
57,629.311,0.89609,2.21054,1.24815,1.20914,0,0.80171,0.60625,0.68787,0.45049,0.71252,0.57946,0.62553,0.45007,1.28303,2.84946,1.49891,1.72897,0,0.00088912,0.00088912,0.00088912
58,640.203,0.97615,2.38961,1.29014,1.26577,0,0.32312,0.71339,0.58363,0.34398,0.27403,0.62321,0.51932,0.38062,1.40699,2.69366,1.9216,1.83846,0,0.00088714,0.00088714,0.00088714
59,651.271,0.96966,2.35248,1.312,1.25697,0,0.69685,0.51786,0.67034,0.46582,0.66591,0.5084,0.63828,0.42198,1.3898,2.82094,1.79396,1.82335,0,0.00088516,0.00088516,0.00088516
60,662.221,0.94874,2.30858,1.3112,1.24628,0,0.61619,0.43999,0.61057,0.42816,0.54033,0.46095,0.59175,0.36514,1.41348,2.57312,1.75309,1.85742,0,0.00088318,0.00088318,0.00088318
61,673.125,0.9637,2.34904,1.33231,1.26994,0,0.41251,0.72321,0.64771,0.41862,0.36855,0.66518,0.60233,0.42043,1.37999,2.72669,1.52812,1.85313,0,0.0008812,0.0008812,0.0008812
62,684.058,0.90982,2.26466,1.23337,1.22661,0,0.45023,0.72134,0.60787,0.44978,0.41038,0.68563,0.55978,0.42835,1.44715,2.89526,1.87998,1.90108,0,0.00087922,0.00087922,0.00087922
63,694.912,0.94016,2.24737,1.2503,1.24071,0,0.54858,0.65124,0.63903,0.47766,0.52351,0.62892,0.60915,0.45461,1.3049,2.77948,1.68313,1.72888,0,0.00087724,0.00087724,0.00087724
64,705.812,0.91613,2.18977,1.23596,1.2253,0,0.56208,0.72387,0.74876,0.52952,0.53763,0.70601,0.72744,0.52659,1.31366,2.67509,1.32252,1.75988,0,0.00087526,0.00087526,0.00087526
65,716.94,0.91631,2.19452,1.24619,1.23162,0,0.58563,0.68789,0.65429,0.46452,0.54415,0.67589,0.62116,0.46607,1.29911,2.77276,1.58168,1.83326,0,0.00087328,0.00087328,0.00087328
66,728.008,0.94186,2.33539,1.27407,1.24834,0,0.47267,0.69286,0.66655,0.51662,0.44594,0.66607,0.62572,0.49913,1.39546,2.76348,1.7674,1.87274,0,0.0008713,0.0008713,0.0008713
67,739.031,0.93413,2.29127,1.25794,1.23677,0,0.43111,0.72572,0.58497,0.4302,0.40424,0.69412,0.55747,0.42163,1.38215,2.68031,1.63888,1.80983,0,0.00086932,0.00086932,0.00086932
68,749.891,0.89315,2.19411,1.22448,1.21029,0,0.48274,0.75814,0.73843,0.57129,0.44221,0.70271,0.68258,0.54173,1.21885,2.67933,1.2678,1.68485,0,0.00086734,0.00086734,0.00086734
69,760.823,0.8956,2.20316,1.20527,1.20909,0,0.66615,0.51339,0.59894,0.43991,0.66615,0.51339,0.57387,0.42186,1.28057,2.68285,1.61924,1.72587,0,0.00086536,0.00086536,0.00086536
70,771.838,0.90521,2.20132,1.19781,1.21732,0,0.57962,0.61148,0.64957,0.47368,0.55451,0.60255,0.61074,0.46176,1.22931,2.47403,1.55918,1.68632,0,0.00086338,0.00086338,0.00086338
71,782.763,0.8741,2.12713,1.14725,1.19793,0,0.68535,0.52148,0.70002,0.49118,0.6221,0.49911,0.64264,0.48189,1.20757,2.52188,1.33482,1.66508,0,0.0008614,0.0008614,0.0008614
72,793.678,0.89541,2.2706,1.2194,1.21646,0,0.71478,0.49527,0.67939,0.50602,0.68478,0.48047,0.64356,0.50244,1.27623,2.96868,1.43982,1.71977,0,0.00085942,0.00085942,0.00085942
73,804.641,0.92144,2.23368,1.19119,1.2277,0,0.67676,0.43413,0.64918,0.43674,0.79113,0.38835,0.62645,0.42424,1.31633,2.75201,1.68042,1.73895,0,0.00085744,0.00085744,0.00085744
74,815.555,0.89027,2.20103,1.17785,1.20718,0,0.77329,0.48267,0.66114,0.4799,0.72225,0.46545,0.61637,0.45945,1.26389,2.81711,1.74727,1.76703,0,0.00085546,0.00085546,0.00085546
75,826.56,0.90238,2.26426,1.21421,1.22967,0,0.65885,0.53765,0.68797,0.49308,0.66067,0.51294,0.63992,0.49581,1.26969,2.81074,1.40367,1.74378,0,0.00085348,0.00085348,0.00085348
76,837.6,0.88603,2.16327,1.14716,1.19732,0,0.77516,0.52398,0.71351,0.53517,0.74298,0.50805,0.67558,0.51514,1.18962,2.78744,1.40192,1.61548,0,0.0008515,0.0008515,0.0008515
77,848.711,0.88061,2.125,1.14997,1.20029,0,0.69295,0.68667,0.74299,0.56975,0.6533,0.67054,0.69181,0.52693,1.1653,2.63927,1.23639,1.65048,0,0.00084952,0.00084952,0.00084952
78,859.718,0.86373,2.08959,1.11902,1.18871,0,0.54288,0.73954,0.74758,0.55514,0.5125,0.71275,0.70967,0.55345,1.26428,2.67553,1.40815,1.78356,0,0.00084754,0.00084754,0.00084754
79,870.593,0.89963,2.21268,1.20476,1.22467,0,0.41479,0.77589,0.71296,0.51325,0.72294,0.48816,0.66394,0.47164,1.21009,2.73706,1.40029,1.65928,0,0.00084556,0.00084556,0.00084556
80,881.44,0.85766,2.06131,1.09505,1.17682,0,0.69266,0.49964,0.70213,0.52318,0.75056,0.42589,0.65299,0.50067,1.212,2.73405,1.47566,1.68897,0,0.00084358,0.00084358,0.00084358
81,892.274,0.88614,2.17385,1.12518,1.20753,0,0.72191,0.71077,0.74987,0.56348,0.67261,0.69292,0.71003,0.54926,1.19818,2.73902,1.33778,1.6656,0,0.0008416,0.0008416,0.0008416
82,903.203,0.83357,2.06601,1.09775,1.17701,0,0.89771,0.47361,0.74414,0.52883,0.85387,0.46468,0.7049,0.52994,1.30362,2.69909,1.39238,1.77398,0,0.00083962,0.00083962,0.00083962
83,914.152,0.90054,2.23394,1.1589,1.21187,0,0.6406,0.54553,0.70106,0.52272,0.61309,0.51726,0.65371,0.4888,1.24326,2.69611,1.45167,1.69498,0,0.00083764,0.00083764,0.00083764
84,925.025,0.84896,2.10828,1.073,1.16878,0,0.362,0.73999,0.63924,0.46172,0.3449,0.72548,0.60336,0.4311,1.31149,2.81037,1.51039,1.80346,0,0.00083566,0.00083566,0.00083566
85,935.819,0.8663,2.1322,1.11096,1.19547,0,0.83196,0.50247,0.75843,0.57663,0.79632,0.4708,0.71818,0.52795,1.30452,2.80062,1.25114,1.74611,0,0.00083368,0.00083368,0.00083368
86,946.712,0.85311,2.06434,1.10382,1.18078,0,0.76952,0.56243,0.66765,0.50087,0.72554,0.54628,0.63201,0.46743,1.22357,2.92706,1.4105,1.68465,0,0.0008317,0.0008317,0.0008317
87,957.647,0.85132,2.08768,1.08941,1.18206,0,0.67474,0.7125,0.75063,0.52323,0.61991,0.68125,0.69624,0.53474,1.24242,2.58807,1.32686,1.73954,0,0.00082972,0.00082972,0.00082972
88,968.544,0.84133,2.09845,1.08817,1.17581,0,0.79525,0.49973,0.69742,0.51731,0.74893,0.47361,0.65556,0.5003,1.11758,2.64088,1.3794,1.6668,0,0.00082774,0.00082774,0.00082774
89,979.431,0.84363,2.05984,1.09027,1.17429,0,0.68099,0.6982,0.76087,0.56318,0.64578,0.68034,0.72107,0.54608,1.2187,2.74472,1.40683,1.68913,0,0.00082576,0.00082576,0.00082576
90,990.292,0.8262,2.03612,1.06321,1.17176,0,0.78924,0.70923,0.78391,0.60387,0.74621,0.69116,0.72539,0.54419,1.25202,2.52191,1.28621,1.70846,0,0.00082378,0.00082378,0.00082378
91,1001.33,0.86736,2.08213,1.07154,1.18571,0,0.80587,0.65153,0.77818,0.59521,0.76907,0.6426,0.72445,0.5528,1.2277,2.75114,1.2245,1.69662,0,0.0008218,0.0008218,0.0008218
92,1012.33,0.87496,2.15793,1.09476,1.19809,0,0.80916,0.64236,0.72928,0.58773,0.75798,0.6129,0.69079,0.54888,1.34119,2.54284,1.41287,1.77913,0,0.00081982,0.00081982,0.00081982
93,1023.33,0.8311,2.02494,1.05586,1.16118,0,0.64182,0.71174,0.72455,0.5504,0.59989,0.68496,0.68103,0.53463,1.19,2.63511,1.2077,1.71076,0,0.00081784,0.00081784,0.00081784
94,1034.24,0.82565,1.99236,1.00912,1.14697,0,0.74027,0.5719,0.74268,0.54007,0.69271,0.55452,0.68893,0.53571,1.17161,2.48059,1.29487,1.62653,0,0.00081586,0.00081586,0.00081586
95,1045.22,0.85611,2.11805,1.07763,1.18459,0,0.84046,0.64547,0.76704,0.58409,0.78821,0.62263,0.71227,0.52643,1.21503,2.89228,1.30376,1.70858,0,0.00081388,0.00081388,0.00081388
96,1056.2,0.84513,2.09537,1.07226,1.17428,0,0.70147,0.725,0.76811,0.55349,0.67198,0.70714,0.73553,0.49435,1.23087,2.97526,1.30888,1.666,0,0.0008119,0.0008119,0.0008119
97,1067.05,0.84496,2.0525,1.06901,1.17834,0,0.62241,0.75666,0.76635,0.5179,0.58883,0.72988,0.72775,0.4586,1.14566,2.82314,1.18402,1.6215,0,0.00080992,0.00080992,0.00080992
98,1077.96,0.81059,1.98285,1.00819,1.15319,0,0.77029,0.71723,0.77294,0.51189,0.71462,0.68744,0.71772,0.50129,1.1415,2.6243,1.18072,1.56309,0,0.00080794,0.00080794,0.00080794
99,1088.94,0.86857,2.09893,1.08649,1.19097,0,0.8063,0.70103,0.78176,0.57636,0.74303,0.67714,0.73195,0.54451,1.16867,2.66724,1.25097,1.65935,0,0.00080596,0.00080596,0.00080596
100,1099.97,0.83239,2.02368,1.03819,1.16139,0,0.75924,0.6954,0.77608,0.6026,0.73061,0.68201,0.72266,0.5581,1.08276,2.48161,1.08865,1.52004,0,0.00080398,0.00080398,0.00080398
101,1110.94,0.81574,1.99402,0.9832,1.15133,0,0.60155,0.73624,0.77374,0.61206,0.55016,0.69817,0.71949,0.55022,1.17833,2.61585,1.32673,1.64105,0,0.000802,0.000802,0.000802
102,1121.88,0.82614,2.02403,1.03854,1.16368,0,0.7028,0.70273,0.76456,0.57126,0.71364,0.71165,0.75017,0.5611,1.16913,2.5373,1.24838,1.63424,0,0.00080002,0.00080002,0.00080002
103,1132.79,0.81721,2.03291,0.99499,1.15063,0,0.74678,0.55428,0.7335,0.51204,0.78784,0.51007,0.70135,0.52555,1.16258,2.58107,1.30948,1.61955,0,0.00079804,0.00079804,0.00079804
104,1143.74,0.80387,1.91125,1.00838,1.15172,0,0.75338,0.71339,0.75388,0.59194,0.76129,0.64349,0.69836,0.54607,1.1221,2.76348,1.29718,1.63329,0,0.00079606,0.00079606,0.00079606
105,1154.74,0.85302,2.11349,1.05322,1.18373,0,0.92048,0.61433,0.76555,0.59983,0.84897,0.59009,0.71178,0.57053,1.12408,2.76445,1.2377,1.58176,0,0.00079408,0.00079408,0.00079408
106,1165.7,0.81375,2.05029,1.03528,1.16498,0,0.5058,0.79911,0.77011,0.57837,0.47793,0.76339,0.72606,0.57603,1.14144,2.92361,1.11444,1.6932,0,0.0007921,0.0007921,0.0007921
107,1176.8,0.82078,2.00704,0.99701,1.15934,0,0.76719,0.76038,0.78096,0.58897,0.67688,0.69788,0.7066,0.55659,1.09779,2.86432,1.18405,1.62871,0,0.00079012,0.00079012,0.00079012
108,1187.72,0.79879,2.01971,1.02146,1.1553,0,0.78995,0.70507,0.78851,0.56708,0.76087,0.62712,0.71845,0.55599,1.15595,2.75676,1.25554,1.64458,0,0.00078814,0.00078814,0.00078814
109,1198.62,0.79507,1.95418,0.99908,1.14789,0,0.84715,0.67852,0.7996,0.6014,0.80941,0.6642,0.75338,0.5781,1.12049,2.62147,1.15856,1.57153,0,0.00078616,0.00078616,0.00078616
110,1209.7,0.79503,1.97712,0.97721,1.13453,0,0.62845,0.72886,0.74695,0.55571,0.59459,0.69315,0.69509,0.5225,1.16936,2.65432,1.35957,1.69367,0,0.00078418,0.00078418,0.00078418
111,1220.6,0.81091,2.01022,0.99362,1.14569,0,0.58635,0.75625,0.7678,0.57841,0.57436,0.74732,0.72784,0.56647,1.09519,2.732,1.1255,1.56043,0,0.0007822,0.0007822,0.0007822
112,1231.49,0.81691,2.01621,0.98668,1.14833,0,0.51004,0.81835,0.75467,0.57031,0.47299,0.76925,0.70797,0.53166,1.18315,2.86743,1.31697,1.6735,0,0.00078022,0.00078022,0.00078022
113,1242.34,0.76704,1.89869,0.91013,1.11683,0,0.72904,0.77589,0.7986,0.63261,0.68239,0.73698,0.73524,0.58036,1.06647,2.56355,1.38625,1.56984,0,0.00077824,0.00077824,0.00077824
114,1253.41,0.81277,1.98673,1.00966,1.15853,0,0.81945,0.62113,0.7522,0.5708,0.81972,0.59312,0.70756,0.54713,1.26942,2.95541,1.39548,1.86828,0,0.00077626,0.00077626,0.00077626
115,1264.4,0.76032,1.88513,0.91752,1.11681,0,0.73468,0.70804,0.73272,0.59194,0.7065,0.67232,0.69583,0.56119,1.1657,3.01846,1.33388,1.64589,0,0.00077428,0.00077428,0.00077428
116,1275.33,0.7999,2.02729,0.98026,1.1484,0,0.89772,0.66941,0.77889,0.58994,0.90207,0.66361,0.74543,0.59442,1.13023,2.4753,1.2231,1.68197,0,0.0007723,0.0007723,0.0007723
117,1286.22,0.81622,2.00838,1.00371,1.15481,0,0.77393,0.71237,0.76517,0.60543,0.83896,0.64045,0.72353,0.56,1.06223,2.85708,1.22536,1.55688,0,0.00077032,0.00077032,0.00077032
118,1297.12,0.82556,2.077,1.00518,1.17249,0,0.8298,0.69438,0.77348,0.62728,0.75921,0.68125,0.7232,0.56044,1.11825,2.67191,1.25392,1.59861,0,0.00076834,0.00076834,0.00076834
119,1308.08,0.80184,1.95944,0.98424,1.15423,0,0.61743,0.73372,0.7419,0.59553,0.58889,0.71696,0.70983,0.56132,1.16449,2.82938,1.23412,1.70847,0,0.00076636,0.00076636,0.00076636
120,1318.95,0.78859,1.95551,0.93807,1.13392,0,0.88572,0.72457,0.79239,0.62216,0.85329,0.68197,0.73599,0.56036,1.08547,3.04763,1.22907,1.60451,0,0.00076438,0.00076438,0.00076438
121,1329.88,0.80862,2.05103,0.98896,1.15773,0,0.85215,0.53754,0.78395,0.58203,0.85221,0.50984,0.73583,0.54113,1.07247,3.04975,1.21818,1.56266,0,0.0007624,0.0007624,0.0007624
122,1340.8,0.76749,1.84696,0.92483,1.11059,0,0.75014,0.73463,0.80061,0.61104,0.69893,0.70816,0.75373,0.58977,1.1268,2.54744,1.35405,1.63128,0,0.00076042,0.00076042,0.00076042
123,1351.76,0.76364,1.8834,0.90867,1.12875,0,0.78845,0.67771,0.75535,0.60176,0.73918,0.65231,0.70375,0.55095,1.13797,2.71321,1.41214,1.6137,0,0.00075844,0.00075844,0.00075844
124,1362.73,0.79365,1.96456,0.97629,1.15192,0,0.83682,0.62289,0.74153,0.4991,0.72529,0.66712,0.69872,0.50334,1.14942,2.67837,1.48824,1.68879,0,0.00075646,0.00075646,0.00075646
125,1373.63,0.774,1.88094,0.94513,1.12725,0,0.76181,0.66689,0.75216,0.54806,0.73363,0.6535,0.71721,0.53299,1.16737,2.58271,1.22396,1.69962,0,0.00075448,0.00075448,0.00075448
126,1384.49,0.75463,1.85874,0.93055,1.11906,0,0.74772,0.71956,0.77567,0.55144,0.68987,0.68571,0.73562,0.53243,1.18112,2.52329,1.45625,1.63119,0,0.0007525,0.0007525,0.0007525
127,1395.4,0.75356,1.82768,0.89285,1.11408,0,0.7888,0.76487,0.78433,0.59619,0.74612,0.73362,0.74098,0.54736,1.06713,2.42904,1.46386,1.58355,0,0.00075052,0.00075052,0.00075052
128,1406.3,0.80971,2.02007,0.98289,1.15103,0,0.86509,0.74313,0.80063,0.61616,0.86663,0.71725,0.76932,0.59705,1.0819,2.59022,1.43298,1.52994,0,0.00074854,0.00074854,0.00074854
129,1417.18,0.77026,1.92422,0.95805,1.13617,0,0.69685,0.75685,0.78423,0.62457,0.6567,0.72471,0.73297,0.58008,1.12441,2.74446,1.14583,1.55139,0,0.00074656,0.00074656,0.00074656
130,1428.23,0.75168,1.84082,0.92792,1.1282,0,0.75011,0.73154,0.7757,0.60577,0.69574,0.70957,0.72598,0.57749,1.07579,2.74285,1.27112,1.51733,0,0.00074458,0.00074458,0.00074458
131,1439.26,0.79841,2.00877,0.97279,1.15525,0,0.83358,0.57583,0.7824,0.64301,0.78866,0.5546,0.73238,0.56841,1.03732,2.40796,1.15945,1.5407,0,0.0007426,0.0007426,0.0007426
132,1450.19,0.75768,1.85669,0.91487,1.12006,0,0.84058,0.57425,0.77405,0.58485,0.80822,0.57136,0.73587,0.55973,1.04722,2.49477,1.14087,1.54449,0,0.00074062,0.00074062,0.00074062
133,1461.27,0.75812,1.85466,0.91154,1.10952,0,0.86739,0.72921,0.80708,0.62992,0.83891,0.70509,0.7635,0.58776,1.09531,2.52316,1.12649,1.6102,0,0.00073864,0.00073864,0.00073864
134,1472.24,0.77328,1.9273,0.94847,1.1226,0,0.74628,0.79044,0.81868,0.62659,0.70305,0.76177,0.76659,0.59842,1.0282,2.6257,1.0704,1.53656,0,0.00073666,0.00073666,0.00073666
135,1483.19,0.79605,1.9244,0.95411,1.14247,0,0.74272,0.69053,0.77414,0.60732,0.70622,0.6682,0.7265,0.54555,1.07301,2.61792,1.30166,1.56224,0,0.00073468,0.00073468,0.00073468
136,1494.1,0.78339,1.93978,0.93795,1.13596,0,0.80671,0.76648,0.7878,0.60875,0.79308,0.75681,0.76712,0.56891,1.09955,2.58013,1.28935,1.60557,0,0.0007327,0.0007327,0.0007327
137,1505.06,0.76507,1.88854,0.91782,1.12365,0,0.80841,0.7558,0.81279,0.6141,0.77969,0.74374,0.76872,0.58897,1.13504,2.85646,1.18501,1.68005,0,0.00073072,0.00073072,0.00073072
138,1516.07,0.79013,1.983,0.94002,1.14489,0,0.89746,0.64002,0.79502,0.56822,0.86542,0.62796,0.75293,0.57983,1.10906,2.54627,1.24444,1.61418,0,0.00072874,0.00072874,0.00072874
139,1527.06,0.77717,1.9265,0.92197,1.13783,0,0.80284,0.75876,0.80918,0.61826,0.76077,0.73977,0.75999,0.57411,1.09621,2.70214,1.07501,1.56946,0,0.00072676,0.00072676,0.00072676
140,1537.98,0.73326,1.77284,0.84852,1.09535,0,0.82002,0.76768,0.82788,0.64003,0.78804,0.74058,0.77847,0.58894,1.09471,2.68464,1.03414,1.57593,0,0.00072478,0.00072478,0.00072478
141,1549.07,0.73635,1.81404,0.85083,1.08937,0,0.62721,0.82993,0.82394,0.63777,0.5829,0.77547,0.76701,0.57653,1.05963,2.62056,1.05617,1.52062,0,0.0007228,0.0007228,0.0007228
142,1560.12,0.76404,1.88624,0.86519,1.11664,0,0.72594,0.78405,0.80536,0.6306,0.67973,0.74051,0.75227,0.59025,1.08413,2.65455,1.24061,1.57581,0,0.00072082,0.00072082,0.00072082
143,1571.09,0.76271,1.87081,0.89656,1.11786,0,0.79067,0.75074,0.80238,0.63125,0.7696,0.72705,0.76283,0.60518,1.10361,2.69721,1.25546,1.62289,0,0.00071884,0.00071884,0.00071884
144,1582.05,0.75795,1.88134,0.89454,1.11391,0,0.797,0.75599,0.80176,0.62559,0.81525,0.69775,0.74031,0.58439,1.09928,2.46025,1.15742,1.63228,0,0.00071686,0.00071686,0.00071686
145,1592.95,0.73677,1.86953,0.89737,1.10225,0,0.62651,0.7969,0.80719,0.61743,0.58035,0.75893,0.7521,0.56928,1.14031,2.33508,1.14246,1.58003,0,0.00071488,0.00071488,0.00071488
146,1603.88,0.77621,1.86373,0.94328,1.12941,0,0.79974,0.69821,0.77427,0.61819,0.76671,0.68569,0.73646,0.53734,1.12624,2.55438,1.24309,1.62109,0,0.0007129,0.0007129,0.0007129
147,1614.76,0.74276,1.83266,0.89151,1.11134,0,0.78113,0.7408,0.81486,0.62344,0.71914,0.69823,0.75649,0.59343,1.08383,2.31282,1.06932,1.59741,0,0.00071092,0.00071092,0.00071092
148,1625.66,0.72307,1.80966,0.87359,1.09701,0,0.85513,0.70268,0.81387,0.6254,0.81543,0.67054,0.77506,0.57863,1.06685,2.50291,1.12289,1.54179,0,0.00070894,0.00070894,0.00070894
149,1636.44,0.71956,1.80557,0.87214,1.09612,0,0.81166,0.74404,0.80305,0.63197,0.75732,0.71478,0.74503,0.58943,1.11703,2.4114,1.14193,1.59441,0,0.00070696,0.00070696,0.00070696
150,1647.28,0.73556,1.80162,0.8565,1.10966,0,0.85258,0.55466,0.77569,0.61232,0.81703,0.54399,0.73642,0.58438,1.08197,2.50969,1.19576,1.59638,0,0.00070498,0.00070498,0.00070498
151,1658.16,0.7434,1.8142,0.88126,1.10509,0,0.81194,0.70768,0.79185,0.61755,0.82231,0.65892,0.7483,0.59537,1.07338,2.49561,1.08591,1.56348,0,0.000703,0.000703,0.000703
152,1669.02,0.72249,1.78919,0.85921,1.09443,0,0.78942,0.77554,0.8024,0.58879,0.74905,0.75671,0.76489,0.57496,1.19797,2.7614,1.01152,1.67219,0,0.00070102,0.00070102,0.00070102
153,1679.93,0.73598,1.86816,0.89652,1.09867,0,0.89083,0.71461,0.81588,0.62177,0.81455,0.67889,0.76491,0.60225,1.06834,2.567,1.04893,1.6129,0,0.00069904,0.00069904,0.00069904
154,1690.93,0.75685,1.99467,0.92211,1.13071,0,0.76778,0.72568,0.77019,0.59866,0.71353,0.68768,0.71447,0.56834,1.10295,2.72194,1.11546,1.63251,0,0.00069706,0.00069706,0.00069706
155,1701.95,0.74988,1.83256,0.85943,1.10235,0,0.7548,0.73955,0.79088,0.63878,0.75645,0.68871,0.73962,0.58547,1.11939,2.65493,1.16055,1.66644,0,0.00069508,0.00069508,0.00069508
156,1712.79,0.74746,1.84291,0.88408,1.11169,0,0.71955,0.73629,0.77669,0.59337,0.65862,0.69983,0.71304,0.52776,1.06121,2.51041,1.12874,1.54338,0,0.0006931,0.0006931,0.0006931
157,1723.68,0.73232,1.77561,0.84292,1.09243,0,0.85283,0.65775,0.78458,0.59866,0.81242,0.64706,0.73937,0.57129,1.08223,2.69583,1.19703,1.5866,0,0.00069112,0.00069112,0.00069112
158,1734.5,0.75044,1.86092,0.86749,1.10754,0,0.85264,0.69729,0.79897,0.64031,0.81225,0.6839,0.76338,0.57534,1.10586,2.67784,1.20982,1.65713,0,0.00068914,0.00068914,0.00068914
159,1745.4,0.72478,1.82665,0.86565,1.10018,0,0.89394,0.68034,0.80273,0.59954,0.87975,0.67587,0.76851,0.57168,1.06662,2.55937,1.06628,1.57004,0,0.00068716,0.00068716,0.00068716
160,1756.27,0.74957,1.8745,0.88557,1.11356,0,0.90827,0.68568,0.80935,0.63751,0.87949,0.67737,0.77396,0.58229,1.02655,2.58477,1.07618,1.52663,0,0.00068518,0.00068518,0.00068518
161,1767.14,0.72567,1.74732,0.85712,1.09714,0,0.80834,0.7543,0.79545,0.62917,0.79371,0.75364,0.76634,0.58312,1.1597,2.76855,1.11078,1.70384,0,0.0006832,0.0006832,0.0006832
162,1777.99,0.71145,1.8025,0.85946,1.08725,0,0.82666,0.748,0.80767,0.64625,0.81737,0.71572,0.75829,0.60193,1.09146,2.52299,1.0823,1.62424,0,0.00068122,0.00068122,0.00068122
163,1788.9,0.7121,1.8237,0.80554,1.08728,0,0.88275,0.73043,0.79177,0.62578,0.87126,0.73043,0.7792,0.58541,1.08869,2.36116,1.15681,1.58766,0,0.00067924,0.00067924,0.00067924
164,1799.87,0.75357,1.87929,0.87693,1.1182,0,0.71175,0.74791,0.77479,0.54668,0.65224,0.6988,0.70849,0.50297,1.05782,2.53119,1.23285,1.62252,0,0.00067726,0.00067726,0.00067726
165,1810.79,0.75033,1.87681,0.87439,1.10768,0,0.69516,0.73768,0.79288,0.58957,0.66356,0.71089,0.75849,0.56201,1.04227,2.54338,1.15629,1.63931,0,0.00067528,0.00067528,0.00067528
166,1821.75,0.71278,1.77269,0.82721,1.08643,0,0.76767,0.72393,0.80105,0.6154,0.74751,0.68386,0.74161,0.58037,0.97783,2.57785,1.13874,1.50814,0,0.0006733,0.0006733,0.0006733
167,1832.67,0.74057,1.87338,0.87018,1.09671,0,0.88824,0.74354,0.83112,0.65183,0.84187,0.7201,0.77325,0.61315,1.04865,2.65066,1.17888,1.55064,0,0.00067132,0.00067132,0.00067132
168,1843.68,0.72369,1.78093,0.85206,1.10105,0,0.87591,0.73451,0.83651,0.63374,0.82401,0.70716,0.76766,0.58611,1.04379,2.7316,1.18812,1.60739,0,0.00066934,0.00066934,0.00066934
169,1854.71,0.73408,1.82307,0.83325,1.0998,0,0.7939,0.72575,0.78917,0.58074,0.74434,0.68558,0.72978,0.51076,1.13164,2.62408,1.2248,1.70613,0,0.00066736,0.00066736,0.00066736
170,1865.64,0.7503,1.88714,0.86114,1.11313,0,0.88589,0.69197,0.78041,0.58574,0.87379,0.69201,0.74309,0.53022,1.10703,2.74332,1.11542,1.63949,0,0.00066538,0.00066538,0.00066538
171,1876.55,0.73055,1.84155,0.87469,1.09266,0,0.84296,0.71153,0.80604,0.65194,0.86146,0.69659,0.77111,0.60135,1.01964,2.5116,1.00973,1.59493,0,0.0006634,0.0006634,0.0006634
172,1887.48,0.70801,1.75096,0.83334,1.07524,0,0.89032,0.68795,0.79284,0.62413,0.85836,0.67886,0.75549,0.58105,1.00912,2.3505,1.12378,1.5236,0,0.00066142,0.00066142,0.00066142
173,1898.44,0.72301,1.78947,0.828,1.09366,0,0.88673,0.69373,0.80141,0.62677,0.84175,0.6794,0.75195,0.58473,1.04577,2.4035,1.1571,1.54601,0,0.00065944,0.00065944,0.00065944
174,1909.37,0.73373,1.80002,0.87447,1.10524,0,0.83668,0.72657,0.81423,0.63559,0.82803,0.72238,0.78336,0.58906,1.02632,2.5685,0.96731,1.54118,0,0.00065746,0.00065746,0.00065746
175,1920.32,0.72024,1.76462,0.8197,1.08252,0,0.82982,0.76416,0.81375,0.66597,0.81725,0.72513,0.76934,0.57295,1.11023,2.89711,1.03994,1.60631,0,0.00065548,0.00065548,0.00065548
176,1931.3,0.72278,1.80522,0.81725,1.08674,0,0.85442,0.75804,0.82831,0.67906,0.8337,0.74911,0.77104,0.59331,1.01592,2.7318,0.91195,1.55974,0,0.0006535,0.0006535,0.0006535
177,1942.28,0.72204,1.75705,0.83541,1.10029,0,0.68684,0.76905,0.77693,0.6322,0.64394,0.74226,0.73997,0.58217,1.00914,2.63805,0.97267,1.55583,0,0.00065152,0.00065152,0.00065152
178,1953.17,0.73112,1.7947,0.84365,1.10763,0,0.78721,0.71243,0.79437,0.63697,0.75482,0.6919,0.75412,0.58542,1.00866,2.37741,1.01479,1.52205,0,0.00064954,0.00064954,0.00064954
179,1964.07,0.71749,1.77177,0.82889,1.0909,0,0.85127,0.75348,0.81842,0.62269,0.80961,0.7391,0.76948,0.59701,1.03214,2.60209,0.95412,1.53716,0,0.00064756,0.00064756,0.00064756
180,1974.95,0.69308,1.73803,0.8091,1.08235,0,0.74423,0.80254,0.81592,0.64915,0.70143,0.76893,0.76754,0.60658,1.031,2.61351,0.95661,1.47747,0,0.00064558,0.00064558,0.00064558
181,1985.88,0.70559,1.79225,0.82866,1.08488,0,0.91524,0.75056,0.8598,0.6714,0.90579,0.70823,0.8061,0.61708,1.01773,2.38732,0.87562,1.4876,0,0.0006436,0.0006436,0.0006436
182,1996.81,0.72138,1.78995,0.82655,1.09206,0,0.89236,0.762,0.82681,0.65915,0.85898,0.7486,0.78517,0.60497,1.04835,2.6773,0.97034,1.51417,0,0.00064162,0.00064162,0.00064162
183,2007.68,0.71583,1.76017,0.83431,1.08516,0,0.83213,0.74486,0.82332,0.61149,0.8361,0.73918,0.79421,0.57834,1.08237,2.67073,0.91875,1.54064,0,0.00063964,0.00063964,0.00063964
184,2018.47,0.71785,1.79398,0.82556,1.09943,0,0.90932,0.71734,0.80926,0.59846,0.88523,0.70401,0.77597,0.59213,1.11817,2.48529,1.10619,1.56685,0,0.00063766,0.00063766,0.00063766
185,2029.46,0.71908,1.72941,0.80664,1.09242,0,0.73108,0.78672,0.82169,0.59188,0.69246,0.75547,0.77663,0.55127,1.03299,2.5783,1.08556,1.53783,0,0.00063568,0.00063568,0.00063568
186,2040.41,0.70362,1.78092,0.80867,1.08349,0,0.54641,0.82679,0.81184,0.59226,0.52994,0.81786,0.78722,0.5645,1.04518,2.64547,0.98661,1.52466,0,0.0006337,0.0006337,0.0006337
187,2051.37,0.69986,1.73661,0.78757,1.08213,0,0.77381,0.77734,0.79883,0.62081,0.74607,0.75948,0.77416,0.58711,1.04852,2.70023,1.062,1.55074,0,0.00063172,0.00063172,0.00063172
188,2062.39,0.68026,1.69494,0.76832,1.06826,0,0.90928,0.72567,0.81376,0.64123,0.87658,0.70617,0.78566,0.61851,1.04546,2.78103,0.96211,1.54581,0,0.00062974,0.00062974,0.00062974
189,2073.35,0.6684,1.65953,0.7566,1.06177,0,0.91601,0.73248,0.81486,0.65253,0.84943,0.73991,0.7922,0.62823,0.95383,2.391,1.00318,1.48634,0,0.00062776,0.00062776,0.00062776
190,2084.24,0.70203,1.77218,0.81057,1.09018,0,0.88219,0.71817,0.81305,0.66188,0.87012,0.70734,0.77342,0.58963,1.00559,2.75136,0.98756,1.55414,0,0.00062578,0.00062578,0.00062578
191,2095.12,0.6951,1.69899,0.7968,1.08134,0,0.78315,0.71161,0.79108,0.63281,0.76606,0.70268,0.76132,0.58083,1.08851,2.88987,1.09893,1.56727,0,0.0006238,0.0006238,0.0006238
192,2106.03,0.72053,1.78915,0.82613,1.09269,0,0.78781,0.7287,0.78573,0.62603,0.766,0.71977,0.7597,0.57012,1.00902,2.38428,1.32603,1.46879,0,0.00062182,0.00062182,0.00062182
193,2116.97,0.70089,1.74641,0.80541,1.09057,0,0.89066,0.72054,0.80392,0.62554,0.8513,0.69821,0.76617,0.6031,0.99832,2.34002,1.1279,1.43258,0,0.00061984,0.00061984,0.00061984
194,2127.92,0.69243,1.71662,0.79074,1.06535,0,0.73691,0.76808,0.80277,0.61879,0.70686,0.75012,0.77011,0.6141,0.97848,2.59933,1.06542,1.42275,0,0.00061786,0.00061786,0.00061786
195,2138.92,0.69746,1.76014,0.76676,1.0693,0,0.87267,0.72344,0.8042,0.65909,0.84076,0.70669,0.76316,0.61955,0.985,2.35698,1.11572,1.52413,0,0.00061588,0.00061588,0.00061588
196,2149.84,0.67939,1.726,0.78638,1.07269,0,0.89687,0.75337,0.816,0.61656,0.84793,0.7285,0.75692,0.59611,0.99913,2.65329,1.12504,1.52753,0,0.0006139,0.0006139,0.0006139
197,2160.78,0.65886,1.61109,0.71662,1.04816,0,0.86007,0.71344,0.80551,0.60631,0.82809,0.69559,0.75155,0.59658,0.99117,2.42771,1.11913,1.4949,0,0.00061192,0.00061192,0.00061192
198,2171.74,0.68704,1.78251,0.78198,1.07279,0,0.80984,0.71916,0.8108,0.62927,0.79285,0.71023,0.77095,0.59257,0.97227,2.51568,0.99288,1.43937,0,0.00060994,0.00060994,0.00060994
199,2182.7,0.69743,1.69642,0.81133,1.07663,0,0.88625,0.70856,0.79883,0.64196,0.85408,0.69571,0.76512,0.57973,0.98905,2.79297,1.00683,1.46902,0,0.00060796,0.00060796,0.00060796
200,2193.59,0.6954,1.6868,0.77699,1.07762,0,0.83281,0.74,0.82445,0.66316,0.81382,0.73873,0.79244,0.61529,1.03052,2.60922,1.00964,1.51043,0,0.00060598,0.00060598,0.00060598
201,2204.45,0.67801,1.724,0.75615,1.06394,0,0.87415,0.68312,0.82191,0.66039,0.86055,0.67295,0.78857,0.61015,1.05388,2.46027,1.07539,1.50713,0,0.000604,0.000604,0.000604
202,2215.42,0.68321,1.71485,0.76862,1.06673,0,0.81521,0.77987,0.82632,0.6424,0.77977,0.75308,0.78819,0.59745,0.99737,2.44058,1.06776,1.46376,0,0.00060202,0.00060202,0.00060202
203,2226.41,0.69609,1.76073,0.80555,1.0895,0,0.76926,0.77973,0.81367,0.64361,0.75168,0.76634,0.76751,0.61188,0.95112,2.47443,1.14709,1.47056,0,0.00060004,0.00060004,0.00060004
204,2237.34,0.7259,1.80505,0.84991,1.10102,0,0.65206,0.81339,0.8067,0.6445,0.62971,0.78661,0.76458,0.59476,0.96852,2.48368,1.08231,1.4547,0,0.00059806,0.00059806,0.00059806
205,2248.32,0.69081,1.71963,0.77483,1.06879,0,0.86881,0.75786,0.80548,0.61546,0.80884,0.7202,0.75375,0.60106,1.03691,2.40401,1.21504,1.51518,0,0.00059608,0.00059608,0.00059608
206,2259.27,0.68429,1.72412,0.7771,1.07058,0,0.93396,0.69323,0.81736,0.6114,0.9032,0.66827,0.77214,0.5874,1.01019,2.48585,1.15015,1.51603,0,0.0005941,0.0005941,0.0005941
207,2270.24,0.67462,1.66128,0.76646,1.06667,0,0.87948,0.71115,0.8226,0.63654,0.83754,0.68883,0.77298,0.61008,0.97244,2.51537,0.99394,1.44694,0,0.00059212,0.00059212,0.00059212
208,2281.22,0.70643,1.75429,0.792,1.08859,0,0.87562,0.71119,0.80281,0.62281,0.86664,0.68341,0.76985,0.58519,0.97209,2.53116,1.21721,1.49532,0,0.00059014,0.00059014,0.00059014
209,2292.17,0.68434,1.67053,0.78788,1.07917,0,0.82968,0.75179,0.80524,0.62999,0.80724,0.73166,0.77377,0.60912,0.99363,2.43561,1.13425,1.48274,0,0.00058816,0.00058816,0.00058816
210,2303.1,0.70771,1.75434,0.79724,1.08846,0,0.90539,0.74491,0.84178,0.68589,0.86959,0.72705,0.78709,0.60686,0.97286,2.60422,1.07224,1.53328,0,0.00058618,0.00058618,0.00058618
211,2314.13,0.67261,1.67949,0.74755,1.07356,0,0.85917,0.77464,0.83046,0.65195,0.82386,0.74678,0.77111,0.58918,0.98229,2.55611,1.11113,1.54028,0,0.0005842,0.0005842,0.0005842
212,2325.05,0.70874,1.82085,0.82886,1.09273,0,0.83554,0.7918,0.84677,0.65504,0.84493,0.7532,0.80343,0.59931,1.02627,2.26883,0.91402,1.57233,0,0.00058222,0.00058222,0.00058222
213,2335.85,0.66955,1.6387,0.74279,1.05532,0,0.82069,0.80071,0.82799,0.67538,0.80636,0.78986,0.78915,0.58387,0.97727,2.4897,0.98038,1.48467,0,0.00058024,0.00058024,0.00058024
214,2346.72,0.6945,1.75516,0.77023,1.07787,0,0.87393,0.78182,0.83861,0.66674,0.82624,0.75503,0.78715,0.60444,0.98624,2.44421,0.98249,1.52429,0,0.00057826,0.00057826,0.00057826
215,2357.67,0.70464,1.77296,0.7959,1.084,0,0.85434,0.74807,0.81726,0.65505,0.8239,0.71499,0.77333,0.61571,1.00705,2.50486,1.15572,1.506,0,0.00057628,0.00057628,0.00057628
216,2368.61,0.7188,1.80475,0.81986,1.09502,0,0.84954,0.73502,0.81195,0.64696,0.80686,0.70101,0.77721,0.61795,0.98342,2.48912,1.15278,1.51077,0,0.0005743,0.0005743,0.0005743
217,2379.4,0.66752,1.68566,0.75346,1.05481,0,0.89921,0.70779,0.82813,0.65915,0.87391,0.6704,0.7776,0.61345,1.03907,2.60507,1.11138,1.57619,0,0.00057232,0.00057232,0.00057232
218,2390.31,0.66282,1.6078,0.75386,1.05798,0,0.89152,0.71951,0.82491,0.68416,0.84285,0.68903,0.77677,0.62623,1.00914,2.58362,1.00347,1.54199,0,0.00057034,0.00057034,0.00057034
219,2401.33,0.6594,1.64848,0.73594,1.05732,0,0.87934,0.75294,0.85294,0.66763,0.86004,0.72585,0.80108,0.63673,0.97354,2.49889,1.02266,1.50052,0,0.00056836,0.00056836,0.00056836
220,2412.22,0.68938,1.70818,0.78105,1.0764,0,0.8916,0.78154,0.84937,0.66586,0.85656,0.75872,0.80906,0.63807,1.00788,2.56195,1.00053,1.51791,0,0.00056638,0.00056638,0.00056638
221,2423.15,0.65976,1.64532,0.73547,1.05407,0,0.74018,0.81429,0.8251,0.66239,0.72133,0.80089,0.80623,0.60573,0.99087,2.63521,0.9683,1.53439,0,0.0005644,0.0005644,0.0005644
222,2434.1,0.67628,1.73822,0.77373,1.07311,0,0.75569,0.7903,0.81676,0.66979,0.71177,0.75139,0.77012,0.61089,0.98127,2.43896,0.9481,1.51042,0,0.00056242,0.00056242,0.00056242
223,2444.93,0.65414,1.6089,0.72718,1.06038,0,0.87424,0.72589,0.80533,0.64426,0.85445,0.71786,0.78217,0.60875,0.9695,2.40441,1.0158,1.52717,0,0.00056044,0.00056044,0.00056044
224,2455.76,0.65603,1.63008,0.74762,1.05469,0,0.87644,0.7237,0.82445,0.66045,0.85489,0.71498,0.78502,0.61291,0.91533,2.61451,0.99391,1.49168,0,0.00055846,0.00055846,0.00055846
225,2466.64,0.65795,1.6235,0.70153,1.05005,0,0.84054,0.79281,0.83845,0.63431,0.80868,0.76875,0.78655,0.61614,1.02047,2.545,1.11243,1.58468,0,0.00055648,0.00055648,0.00055648
226,2477.57,0.67545,1.71753,0.74777,1.06663,0,0.89637,0.76843,0.84054,0.65679,0.84796,0.74121,0.78102,0.61593,1.01183,2.61356,1.19536,1.58531,0,0.0005545,0.0005545,0.0005545
227,2488.46,0.66257,1.67327,0.73159,1.05507,0,0.76128,0.77122,0.82847,0.63143,0.70969,0.72622,0.78298,0.61258,1.00389,2.33787,1.14765,1.54511,0,0.00055252,0.00055252,0.00055252
228,2499.33,0.64785,1.60226,0.71606,1.05471,0,0.91893,0.7319,0.82422,0.64997,0.88574,0.71128,0.76505,0.61577,1.00316,2.36539,1.22035,1.51347,0,0.00055054,0.00055054,0.00055054
229,2510.28,0.65415,1.65068,0.75618,1.05212,0,0.85318,0.74039,0.81716,0.63389,0.81053,0.71638,0.77752,0.60752,1.0006,2.23511,1.12298,1.51244,0,0.00054856,0.00054856,0.00054856
230,2521.28,0.66976,1.71811,0.76005,1.05915,0,0.8326,0.75771,0.82235,0.61689,0.83731,0.70101,0.77458,0.59412,0.98473,2.14233,1.10163,1.53786,0,0.00054658,0.00054658,0.00054658
231,2532.21,0.65227,1.6044,0.70684,1.04838,0,0.83932,0.70791,0.81457,0.61081,0.83195,0.68956,0.78084,0.60184,0.98118,2.21512,1.06951,1.51433,0,0.0005446,0.0005446,0.0005446
232,2543.14,0.64637,1.58147,0.72149,1.04693,0,0.90527,0.69966,0.81894,0.59831,0.83983,0.67492,0.75949,0.6047,1.00915,2.46024,1.03682,1.51684,0,0.00054262,0.00054262,0.00054262
233,2554.01,0.67265,1.70798,0.76148,1.06561,0,0.90627,0.74418,0.83079,0.67287,0.84993,0.72393,0.76473,0.62086,0.95398,2.47213,0.93643,1.45588,0,0.00054064,0.00054064,0.00054064
234,2565.05,0.65057,1.60981,0.71572,1.05113,0,0.84145,0.75307,0.82183,0.64232,0.82878,0.69517,0.7513,0.59002,0.97709,2.42161,1.0591,1.47874,0,0.00053866,0.00053866,0.00053866
235,2576.04,0.65907,1.60058,0.73869,1.05371,0,0.89633,0.75409,0.83482,0.67576,0.86253,0.73363,0.77873,0.62631,0.99565,2.29702,1.07772,1.49738,0,0.00053668,0.00053668,0.00053668
236,2587.07,0.67471,1.72936,0.76051,1.06771,0,0.79798,0.79335,0.82934,0.67005,0.9089,0.67587,0.78165,0.62911,0.95019,2.39036,1.09233,1.48925,0,0.0005347,0.0005347,0.0005347
237,2598.07,0.70087,1.68249,0.77065,1.09344,0,0.84329,0.75978,0.82742,0.63777,0.83238,0.73311,0.78344,0.6395,0.98947,2.22952,1.00055,1.55438,0,0.00053272,0.00053272,0.00053272
238,2609.03,0.65472,1.59855,0.71072,1.04918,0,0.88119,0.71531,0.82265,0.65317,0.85031,0.70311,0.7867,0.62677,0.96125,2.35331,1.03023,1.47535,0,0.00053074,0.00053074,0.00053074
239,2619.99,0.63681,1.60747,0.70028,1.0388,0,0.84211,0.7994,0.83894,0.66459,0.82853,0.73986,0.80435,0.61575,0.98128,2.23212,0.97373,1.4813,0,0.00052876,0.00052876,0.00052876
240,2630.96,0.64936,1.67601,0.7029,1.05413,0,0.85685,0.7509,0.82948,0.66518,0.83931,0.73632,0.79539,0.6064,0.95523,2.33649,1.02709,1.51862,0,0.00052678,0.00052678,0.00052678
241,2641.96,0.64705,1.61585,0.71228,1.04733,0,0.86978,0.71689,0.81147,0.651,0.8422,0.7035,0.76677,0.58963,0.9931,2.34901,1.23595,1.50154,0,0.0005248,0.0005248,0.0005248
242,2653.01,0.66113,1.70142,0.73216,1.06508,0,0.8269,0.71161,0.80854,0.66704,0.79296,0.71257,0.78188,0.60896,0.98141,2.18043,1.18258,1.4732,0,0.00052282,0.00052282,0.00052282
243,2663.88,0.64099,1.60771,0.70789,1.05271,0,0.82553,0.74391,0.79971,0.64359,0.80678,0.73878,0.76592,0.61873,0.99076,2.38619,1.17586,1.45664,0,0.00052084,0.00052084,0.00052084
244,2674.71,0.64254,1.60653,0.71856,1.05127,0,0.77678,0.75087,0.77803,0.62582,0.74898,0.73764,0.76019,0.59652,1.00228,2.33884,1.201,1.47652,0,0.00051886,0.00051886,0.00051886
245,2685.52,0.65446,1.62096,0.72705,1.05012,0,0.86316,0.73409,0.81539,0.62682,0.82033,0.72031,0.77844,0.61539,1.00166,2.43762,1.21944,1.48818,0,0.00051688,0.00051688,0.00051688
246,2696.35,0.67973,1.69691,0.74881,1.07376,0,0.86444,0.72156,0.81154,0.63905,0.81149,0.70817,0.77328,0.5969,0.95951,2.47187,1.14581,1.47365,0,0.0005149,0.0005149,0.0005149
247,2707.32,0.65166,1.62769,0.7201,1.04836,0,0.84701,0.73701,0.82578,0.67913,0.81918,0.71915,0.7918,0.62483,0.97374,2.35872,1.10482,1.48461,0,0.00051292,0.00051292,0.00051292
248,2718.23,0.66961,1.67935,0.73588,1.07003,0,0.91221,0.72507,0.8272,0.66503,0.84695,0.73722,0.79126,0.6213,0.98281,2.34116,1.09222,1.49916,0,0.00051094,0.00051094,0.00051094
249,2729.11,0.68838,1.75327,0.78057,1.08141,0,0.90318,0.74247,0.8252,0.67998,0.8686,0.72276,0.78627,0.62536,0.9898,2.4367,1.178,1.47258,0,0.00050896,0.00050896,0.00050896
250,2739.97,0.66933,1.69393,0.74366,1.06304,0,0.83252,0.74998,0.82263,0.66411,0.8668,0.68731,0.77852,0.62784,0.90828,2.45449,1.02944,1.42272,0,0.00050698,0.00050698,0.00050698
251,2750.77,0.67248,1.65041,0.74949,1.06429,0,0.85981,0.7558,0.82522,0.65528,0.83101,0.73636,0.79024,0.62265,0.90124,2.38073,1.03865,1.42677,0,0.000505,0.000505,0.000505
252,2761.68,0.63715,1.59496,0.69576,1.04792,0,0.86224,0.74692,0.84121,0.63343,0.86335,0.71281,0.79464,0.61438,0.94876,2.32739,1.01198,1.47175,0,0.00050302,0.00050302,0.00050302
253,2772.5,0.63942,1.57089,0.69026,1.03956,0,0.90361,0.73784,0.85295,0.64471,0.86494,0.71475,0.80073,0.59466,0.96756,2.31052,1.03386,1.47184,0,0.00050104,0.00050104,0.00050104
254,2783.37,0.63506,1.56332,0.69701,1.0437,0,0.87014,0.76608,0.83931,0.64547,0.83334,0.73613,0.79162,0.58923,0.97023,2.37331,1.04276,1.45169,0,0.00049906,0.00049906,0.00049906
255,2794.31,0.65936,1.61822,0.72487,1.05263,0,0.90388,0.75009,0.83059,0.62429,0.86197,0.7278,0.78042,0.57006,0.92328,2.37471,1.12966,1.41156,0,0.00049708,0.00049708,0.00049708
256,2805.25,0.62131,1.59989,0.6788,1.03521,0,0.92849,0.73979,0.82732,0.63065,0.87966,0.72509,0.78281,0.61381,0.92076,2.4237,1.07212,1.45125,0,0.0004951,0.0004951,0.0004951
257,2816.13,0.63926,1.62802,0.69865,1.05067,0,0.93054,0.74602,0.8314,0.64244,0.89039,0.72466,0.78971,0.62699,0.94823,2.41599,1.01627,1.49997,0,0.00049312,0.00049312,0.00049312
258,2826.96,0.63404,1.57235,0.70121,1.04081,0,0.87041,0.76671,0.82962,0.61666,0.81471,0.75949,0.78665,0.59191,0.96592,2.44433,0.91701,1.52026,0,0.00049114,0.00049114,0.00049114
